,index,condition,binding_peak_start,binding_peak_end,binding_peak_strength,target_locus,target_genes,gene,normalized_dist,binding_peak_center
0,CodY-1,cody + M9,25225,25265,12.3,ERW10_00160,ERW10_00160,ERW10_00160,-0.0005694760820045558,25245.0
1,CodY-2,cody + M9,34096,34142,1.2,ERW10_00210,ERW10_00210,ERW10_00210,-0.06017699115044248,34119.0
2,CodY-3,cody + M9,43940,43978,1.34,ERW10_00275,ERW10_00275,ERW10_00275,-0.047315741583257506,43959.0
3,CodY-4,cody + M9,45184,45215,2.51,ERW10_00275,ERW10_00275,ERW10_00275,1.0814376706096451,45199.5
4,CodY-5,cody + M9,52903,52940,0.95,ERW10_00325,ERW10_00325,ERW10_00325,1.1502568493150684,52921.5
5,CodY-6,cody + M9,54887,54926,1.13,ERW10_00330,ERW10_00330,ERW10_00330,-0.1684656900539707,54906.5
6,CodY-7,cody + M9,54908,54939,0.95,ERW10_00330,ERW10_00330,ERW10_00330,-0.1553585196607556,54923.5
7,CodY-8,cody + M9,56433,56469,1.47,ERW10_00330,ERW10_00330,ERW10_00330,1.0223592906707788,56451.0
8,CodY-9,cody + M9,64797,64832,2.07,ERW10_00360,ERW10_00360,ERW10_00360,-0.05422077922077922,64814.5
9,CodY-10,cody + M9,122269,122306,1.49,ERW10_00785,ERW10_00785,ERW10_00785,1.1006493506493507,122287.5
10,CodY-11,cody + M9,154906,154944,1.96,ERW10_00980,ERW10_00980,ERW10_00980,-0.7793103448275862,154925.0
11,CodY-12,cody + M9,154961,154980,1.35,ERW10_00980,ERW10_00980,ERW10_00980,-0.46551724137931033,154970.5
12,CodY-13,cody + M9,176174,176192,1.21,ERW10_01075,ERW10_01075,ERW10_01075,0.42343218279047157,176183.0
13,CodY-14,cody + M9,177002,177044,1.01,ERW10_01075,ERW10_01075,ERW10_01075,0.6276130286825474,177023.0
14,CodY-15,cody + M9,204655,204691,1.28,ERW10_01245,ERW10_01245,ERW10_01245,-0.1716101694915254,204673.0
15,CodY-16,cody + M9,210619,210656,1.76,ERW10_01275,ERW10_01275,ERW10_01275,1.1013962765957446,210637.5
16,CodY-17,cody + M9,253880,253911,1.55,ERW10_01450,ERW10_01450,ERW10_01450,0.20631290027447394,253895.5
17,CodY-18,cody + M9,257946,257984,1.25,ERW10_01470,ERW10_01470,ERW10_01470,0.3943217665615142,257965.0
18,CodY-19,cody + M9,271356,271399,3.73,ERW10_01515,ERW10_01515,ERW10_01515,0.7918937329700273,271377.5
19,CodY-20,cody + M9,271518,271551,10.29,ERW10_01515,ERW10_01515,ERW10_01515,0.898841961852861,271534.5
20,CodY-21,cody + M9,275508,275544,3.37,ERW10_01535,ERW10_01535,ERW10_01535,0.25301204819277107,275526.0
21,CodY-22,cody + M9,275601,275634,3.95,ERW10_01535,ERW10_01535,ERW10_01535,0.17426850258175558,275617.5
22,CodY-23,cody + M9,275848,275880,19.55,ERW10_01535,ERW10_01535,ERW10_01535,-0.0378657487091222,275864.0
23,CodY-24,cody + M9,277864,277898,1.41,ERW10_01550,ERW10_01550,ERW10_01550,0.23178807947019867,277881.0
24,CodY-25,cody + M9,366848,366889,1.49,ERW10_01960,ERW10_01960,ERW10_01960,0.27818347786398906,366868.5
25,CodY-26,cody + M9,373275,373315,1.07,ERW10_01980,ERW10_01980,ERW10_01980,1.002262443438914,373295.0
26,CodY-27,cody + M9,399679,399723,1.39,ERW10_02120,ERW10_02120,ERW10_02120,0.7037643207855974,399701.0
27,CodY-28,cody + M9,481400,481432,1.01,ERW10_02570,ERW10_02570,ERW10_02570,0.973568281938326,481416.0
28,CodY-29,cody + M9,517451,517493,1.98,ERW10_02835,ERW10_02835,ERW10_02835,1.2142857142857142,517472.0
29,CodY-30,cody + M9,517622,517659,1.69,ERW10_02845,ERW10_02845,ERW10_02845,-1.0032467532467533,517640.5
30,CodY-31,cody + M9,518152,518185,1.39,ERW10_02850,ERW10_02850,ERW10_02850,0.7599009900990099,518168.5
31,CodY-32,cody + M9,577971,578005,1.56,ERW10_03180,ERW10_03180,ERW10_03180,-0.5172413793103449,577988.0
32,CodY-33,cody + M9,578003,578041,1.93,ERW10_03180,ERW10_03180,ERW10_03180,-0.4106583072100313,578022.0
33,CodY-34,cody + M9,602292,602338,0.97,ERW10_03285,ERW10_03285,ERW10_03285,-0.08392857142857142,602315.0
34,CodY-35,cody + M9,608156,608191,2.66,ERW10_03305,ERW10_03305,ERW10_03305,0.006796302811270668,608173.5
35,CodY-36,cody + M9,613170,613210,1.52,ERW10_03305,ERW10_03305,ERW10_03305,0.16723702305945565,613190.0
36,CodY-37,cody + M9,657480,657527,2.44,ERW10_03425,ERW10_03425,ERW10_03425,-1.0799212598425196,657503.5
37,CodY-38,cody + M9,678491,678531,1.41,ERW10_03525,ERW10_03525,ERW10_03525,0.5990057995028998,678511.0
38,CodY-39,cody + M9,679406,679449,4.69,ERW10_03525,ERW10_03525,ERW10_03525,-0.16031483015741507,679427.5
39,CodY-40,cody + M9,702191,702227,2.52,ERW10_03635,ERW10_03635,ERW10_03635,-0.5283911671924291,702209.0
40,CodY-41,cody + M9,702839,702875,3.07,ERW10_03640,ERW10_03640,ERW10_03640,-0.25637755102040816,702857.0
41,CodY-42,cody + M9,705700,705743,118.66,ERW10_03655,ERW10_03655,ERW10_03655,-0.06427556818181818,705721.5
42,CodY-43,cody + M9,717299,717341,1.2,ERW10_03705,ERW10_03705,ERW10_03705,-0.07151230949589683,717320.0
43,CodY-44,cody + M9,734658,734697,1.03,ERW10_03760,ERW10_03760,ERW10_03760,1.38780053428317,734677.5
44,CodY-45,cody + M9,752404,752435,2.28,ERW10_03855,ERW10_03855,ERW10_03855,0.17823712948517942,752419.5
45,CodY-46,cody + M9,752481,752520,4.17,ERW10_03855,ERW10_03855,ERW10_03855,0.11505460218408736,752500.5
46,CodY-47,cody + M9,773794,773839,3.2,ERW10_04015,ERW10_04015,ERW10_04015,1.0576612903225806,773816.5
47,CodY-48,cody + M9,774048,774080,1.01,ERW10_04015,ERW10_04015,ERW10_04015,0.8580645161290322,774064.0
48,CodY-49,cody + M9,777639,777676,1.22,ERW10_04030,ERW10_04030,ERW10_04030,-0.9765957446808511,777657.5
49,CodY-50,cody + M9,777777,777814,2.79,ERW10_04030,ERW10_04030,ERW10_04030,-1.5638297872340425,777795.5
50,CodY-51,cody + M9,839574,839615,3.14,ERW10_04300,ERW10_04300,ERW10_04300,1.1065699006875478,839594.5
51,CodY-52,cody + M9,911363,911371,1.48,ERW10_04615,ERW10_04615,ERW10_04615,1.3059701492537314,911367.0
52,CodY-53,cody + M9,934315,934350,2.31,ERW10_04725,ERW10_04725,ERW10_04725,0.1271186440677966,934332.5
53,CodY-54,cody + M9,934381,934423,2.34,ERW10_04725,ERW10_04725,ERW10_04725,0.05782652043868395,934402.0
54,CodY-55,cody + M9,934975,935008,1.84,ERW10_04730,ERW10_04730,ERW10_04730,0.12998624484181567,934991.5
55,CodY-56,cody + M9,944975,945013,1.08,ERW10_04795,ERW10_04795,ERW10_04795,1.1601208459214503,944994.0
56,CodY-57,cody + M9,986688,986724,1.13,ERW10_05000,ERW10_05000,ERW10_05000,0.11493920092646208,986706.0
57,CodY-58,cody + M9,1003801,1003837,1.46,ERW10_05095,ERW10_05095,ERW10_05095,1.1615146831530139,1003819.0
58,CodY-59,cody + M9,1054780,1054818,1.14,ERW10_05330,ERW10_05330,ERW10_05330,0.8615916955017301,1054799.0
59,CodY-60,cody + M9,1069116,1069156,1.72,ERW10_05410,ERW10_05410,ERW10_05410,-0.4486301369863014,1069136.0
60,CodY-61,cody + M9,1072457,1072497,2.26,ERW10_05425,ERW10_05425,ERW10_05425,0.04781281790437437,1072477.0
61,CodY-62,cody + M9,1073411,1073442,2.69,ERW10_05440,ERW10_05440,ERW10_05440,1.7380952380952381,1073426.5
62,CodY-63,cody + M9,1075771,1075810,1.33,ERW10_05455,ERW10_05455,ERW10_05455,0.895242914979757,1075790.5
63,CodY-64,cody + M9,1090060,1090104,1.26,ERW10_05520,ERW10_05520,ERW10_05520,0.9052013422818792,1090082.0
64,CodY-65,cody + M9,1094031,1094067,2.02,ERW10_05540,ERW10_05540,ERW10_05540,0.21159153633854647,1094049.0
65,CodY-66,cody + M9,1116590,1116599,2.38,ERW10_05645,ERW10_05645,ERW10_05645,0.7540736270368135,1116594.5
66,CodY-67,cody + M9,1122158,1122202,3.07,ERW10_05670,ERW10_05670,ERW10_05670,0.13136729222520108,1122180.0
67,CodY-68,cody + M9,1127870,1127907,1.25,ERW10_05700,ERW10_05700,ERW10_05700,-0.03080357142857143,1127888.5
68,CodY-69,cody + M9,1128956,1128995,1.15,ERW10_05705,ERW10_05705,ERW10_05705,-0.7581648522550545,1128975.5
69,CodY-70,cody + M9,1129097,1129130,1.82,ERW10_05710,ERW10_05710,ERW10_05710,0.43897122929380994,1129113.5
70,CodY-71,cody + M9,1136133,1136167,1.23,ERW10_05730,ERW10_05730,ERW10_05730,-0.04516129032258064,1136150.0
71,CodY-72,cody + M9,1136145,1136187,1.21,ERW10_05730,ERW10_05730,ERW10_05730,-0.0967741935483871,1136166.0
72,CodY-73,cody + M9,1139153,1139190,1.57,ERW10_05750,ERW10_05750,ERW10_05750,1.1742256637168142,1139171.5
73,CodY-74,cody + M9,1151053,1151088,2.9,ERW10_05780,ERW10_05780,ERW10_05780,-0.02288072018004501,1151070.5
74,CodY-75,cody + M9,1151692,1151733,2.16,ERW10_05785,ERW10_05785,ERW10_05785,0.2671913835956918,1151712.5
75,CodY-76,cody + M9,1151778,1151818,1.24,ERW10_05785,ERW10_05785,ERW10_05785,0.3380281690140845,1151798.0
76,CodY-77,cody + M9,1203268,1203303,3.15,ERW10_06060,ERW10_06060,ERW10_06060,-1.2435064935064934,1203285.5
77,CodY-78,cody + M9,1210444,1210482,1.84,ERW10_06120,ERW10_06120,ERW10_06120,0.08982035928143713,1210463.0
78,CodY-79,cody + M9,1215426,1215457,2.07,ERW10_06155,ERW10_06155,ERW10_06155,1.2604673807205453,1215441.5
79,CodY-80,cody + M9,1216746,1216783,2.09,ERW10_06155,ERW10_06155,ERW10_06155,-0.027750730282375853,1216764.5
80,CodY-81,cody + M9,1216979,1217021,7.17,ERW10_06160,ERW10_06160,ERW10_06160,0.9463087248322147,1217000.0
81,CodY-82,cody + M9,1223528,1223566,2.33,ERW10_06205,ERW10_06205,ERW10_06205,0.5504032258064516,1223547.0
82,CodY-83,cody + M9,1259189,1259233,1.25,ERW10_06400,ERW10_06400,ERW10_06400,0.8756268806419257,1259211.0
83,CodY-84,cody + M9,1260257,1260299,1.74,ERW10_06400,ERW10_06400,ERW10_06400,-0.1945837512537613,1260278.0
84,CodY-85,cody + M9,1304211,1304249,2.78,ERW10_06605,ERW10_06605,ERW10_06605,0.5597609561752988,1304230.0
85,CodY-86,cody + M9,1305028,1305070,3.99,ERW10_06610,ERW10_06610,ERW10_06610,0.17186463171864633,1305049.0
86,CodY-87,cody + M9,1309727,1309765,12.88,ERW10_06630,ERW10_06630,ERW10_06630,0.2943396226415094,1309746.0
87,CodY-88,cody + M9,1310528,1310563,6.97,ERW10_06635,ERW10_06635,ERW10_06635,0.8354221635883905,1310545.5
88,CodY-89,cody + M9,1341610,1341642,1.07,ERW10_06775,ERW10_06775,ERW10_06775,-0.0059931506849315065,1341626.0
89,CodY-90,cody + M9,1341757,1341800,1.15,ERW10_06780,ERW10_06780,ERW10_06780,-0.11438679245283019,1341778.5
90,CodY-91,cody + M9,1346928,1346966,1.03,ERW10_06810,ERW10_06810,ERW10_06810,1.1725274725274726,1346947.0
91,CodY-92,cody + M9,1388552,1388581,1.6,ERW10_07025,ERW10_07025,ERW10_07025,0.5431137724550898,1388566.5
92,CodY-93,cody + M9,1390785,1390826,2.02,ERW10_07035,ERW10_07035,ERW10_07035,-0.025588952071486596,1390805.5
93,CodY-94,cody + M9,1407557,1407591,1.07,ERW10_07105,ERW10_07105,ERW10_07105,0.074853228962818,1407574.0
94,CodY-95,cody + M9,1413916,1413953,1.47,ERW10_07155,ERW10_07155,ERW10_07155,0.3192999053926206,1413934.5
95,CodY-96,cody + M9,1413943,1413979,1.16,ERW10_07155,ERW10_07155,ERW10_07155,0.3443708609271523,1413961.0
96,CodY-97,cody + M9,1416941,1416977,1.6,ERW10_07170,ERW10_07170,ERW10_07170,0.645574689627553,1416959.0
97,CodY-98,cody + M9,1445452,1445497,1.7,ERW10_07325,ERW10_07325,ERW10_07325,-0.2559429477020602,1445474.5
98,CodY-99,cody + M9,1447642,1447682,1.29,ERW10_07345,ERW10_07345,ERW10_07345,2.635593220338983,1447662.0
99,CodY-100,cody + M9,1447668,1447709,1.27,ERW10_07345,ERW10_07345,ERW10_07345,2.4110169491525424,1447688.5
100,CodY-101,cody + M9,1504410,1504450,1.28,ERW10_07600,ERW10_07600,ERW10_07600,0.7653490328006728,1504430.0
101,CodY-102,cody + M9,1581204,1581238,1.24,ERW10_08020,ERW10_08020,ERW10_08020,0.9497206703910615,1581221.0
102,CodY-103,cody + M9,1613277,1613315,1.1,ERW10_08160,ERW10_08160,ERW10_08160,0.1448566985114419,1613296.0
103,CodY-104,cody + M9,1614243,1614281,10.93,ERW10_08165,ERW10_08165,ERW10_08165,0.15124153498871332,1614262.0
104,CodY-105,cody + M9,1618089,1618132,1.05,ERW10_08185,ERW10_08185,ERW10_08185,-0.11712846347607053,1618110.5
105,CodY-106,cody + M9,1622873,1622910,4.97,ERW10_08215,ERW10_08215,ERW10_08215,0.9742132867132867,1622891.5
106,CodY-107,cody + M9,1639487,1639529,2.43,ERW10_08305,ERW10_08305,ERW10_08305,-0.22556390977443608,1639508.0
107,CodY-108,cody + M9,1639851,1639887,1.31,ERW10_08310,ERW10_08310,ERW10_08310,0.1732186732186732,1639869.0
108,CodY-109,cody + M9,1641317,1641348,1.08,ERW10_08315,ERW10_08315,ERW10_08315,-0.45044472681067343,1641332.5
109,CodY-110,cody + M9,1643151,1643188,1.1,ERW10_08330,ERW10_08330,ERW10_08330,0.5744010088272383,1643169.5
110,CodY-111,cody + M9,1647147,1647182,1.1,ERW10_08350,ERW10_08350,ERW10_08350,-0.3036159600997506,1647164.5
111,CodY-112,cody + M9,1648335,1648371,4.26,ERW10_08360,ERW10_08360,ERW10_08360,0.8419354838709677,1648353.0
112,CodY-113,cody + M9,1648521,1648564,1.31,ERW10_08365,ERW10_08365,ERW10_08365,0.9731788079470198,1648542.5
113,CodY-114,cody + M9,1666642,1666677,1.82,ERW10_08450,ERW10_08450,ERW10_08450,1.1537396121883656,1666659.5
114,CodY-115,cody + M9,1686570,1686613,2.86,ERW10_08560,ERW10_08560,ERW10_08560,-0.33794466403162055,1686591.5
115,CodY-116,cody + M9,1695978,1696017,1.62,ERW10_08630,ERW10_08630,ERW10_08630,0.37839433293978747,1695997.5
116,CodY-117,cody + M9,1696060,1696093,2.64,ERW10_08630,ERW10_08630,ERW10_08630,0.28512396694214875,1696076.5
117,CodY-118,cody + M9,1697849,1697885,26.63,ERW10_08640,ERW10_08640,ERW10_08640,-0.18416523235800344,1697867.0
118,CodY-119,cody + M9,1711502,1711533,1.2,ERW10_08705,ERW10_08705,ERW10_08705,1.0166277712952159,1711517.5
119,CodY-120,cody + M9,1713960,1713997,1.7,ERW10_08715,ERW10_08715,ERW10_08715,1.5683411214953271,1713978.5
120,CodY-121,cody + M9,1715743,1715777,1.21,ERW10_08720,ERW10_08720,ERW10_08720,0.6837294332723949,1715760.0
121,CodY-122,cody + M9,1716141,1716178,9.31,ERW10_08720,ERW10_08720,ERW10_08720,-0.04661791590493602,1716159.5
122,CodY-123,cody + M9,1716452,1716490,1.44,ERW10_08725,ERW10_08725,ERW10_08725,0.13087248322147652,1716471.0
123,CodY-124,cody + M9,1726256,1726288,8.44,ERW10_08775,ERW10_08775,ERW10_08775,-0.7123595505617978,1726272.0
124,CodY-125,cody + M9,1741708,1741751,1.0,ERW10_08850,ERW10_08850,ERW10_08850,0.16770573566084787,1741729.5
125,CodY-126,cody + M9,1761576,1761612,1.59,ERW10_08950,ERW10_08950,ERW10_08950,0.6972477064220184,1761594.0
126,CodY-127,cody + M9,1763760,1763801,1.48,ERW10_08965,ERW10_08965,ERW10_08965,-0.1981891348088531,1763780.5
127,CodY-128,cody + M9,1771010,1771046,1.1,ERW10_09020,ERW10_09020,ERW10_09020,-0.30456852791878175,1771028.0
128,CodY-129,cody + M9,1772442,1772477,1.22,ERW10_09020,ERW10_09020,ERW10_09020,-3.9378172588832485,1772459.5
129,CodY-130,cody + M9,1784770,1784810,1.03,ERW10_09070,ERW10_09070,ERW10_09070,0.7462295081967213,1784790.0
130,CodY-131,cody + M9,1816930,1816970,17.98,ERW10_09225,ERW10_09225,ERW10_09225,-0.16852367688022285,1816950.0
131,CodY-132,cody + M9,1817118,1817163,4.83,ERW10_09230,ERW10_09230,ERW10_09230,1.2052631578947368,1817140.5
132,CodY-133,cody + M9,1817244,1817278,2.64,ERW10_09230,ERW10_09230,ERW10_09230,1.0899521531100478,1817261.0
133,CodY-134,cody + M9,1823055,1823085,4.8,ERW10_09260,ERW10_09260,ERW10_09260,0.43374642516682554,1823070.0
134,CodY-135,cody + M9,1825495,1825530,1.08,ERW10_09275,ERW10_09275,ERW10_09275,-0.06694970607446114,1825512.5
135,CodY-136,cody + M9,1828657,1828677,1.28,ERW10_09285,ERW10_09285,ERW10_09285,1.5504587155963303,1828667.0
136,CodY-137,cody + M9,1834306,1834341,7.78,ERW10_09315,ERW10_09315,ERW10_09315,-0.05921469284357188,1834323.5
137,CodY-138,cody + M9,1834552,1834594,1.93,ERW10_09315,ERW10_09315,ERW10_09315,0.09879670677644078,1834573.0
138,CodY-139,cody + M9,1834644,1834678,1.23,ERW10_09315,ERW10_09315,ERW10_09315,0.15452818239392022,1834661.0
139,CodY-140,cody + M9,1872538,1872574,0.92,ERW10_09450,ERW10_09450,ERW10_09450,-0.2791221159257175,1872556.0
140,CodY-141,cody + M9,1874843,1874883,3.54,ERW10_09460,ERW10_09460,ERW10_09460,-0.09391891891891892,1874863.0
141,CodY-142,cody + M9,1875041,1875083,1.4,ERW10_09460,ERW10_09460,ERW10_09460,-0.22837837837837838,1875062.0
142,CodY-143,cody + M9,1875961,1875997,1.61,ERW10_09465,ERW10_09465,ERW10_09465,0.814930991217064,1875979.0
143,CodY-144,cody + M9,1877206,1877245,1.47,ERW10_09475,ERW10_09475,ERW10_09475,1.4427027027027026,1877225.5
144,CodY-145,cody + M9,1877968,1878003,14.53,ERW10_09470,ERW10_09470,ERW10_09470,-0.3011669658886894,1877985.5
145,CodY-146,cody + M9,1878445,1878479,1.35,ERW10_09480,ERW10_09480,ERW10_09480,1.1161137440758293,1878462.0
146,CodY-147,cody + M9,1892479,1892511,1.8,ERW10_09530,ERW10_09530,ERW10_09530,0.8998211091234347,1892495.0
147,CodY-148,cody + M9,1915942,1915980,1.94,ERW10_09615,ERW10_09615,ERW10_09615,-0.4292682926829268,1915961.0
148,CodY-149,cody + M9,1940182,1940217,8.95,ERW10_09720,ERW10_09720,ERW10_09720,-0.023554193795480658,1940199.5
149,CodY-150,cody + M9,1940627,1940663,6.27,ERW10_09725,ERW10_09725,ERW10_09725,0.7354260089686099,1940645.0
150,CodY-151,cody + M9,1957244,1957282,4.0,ERW10_09810,ERW10_09810,ERW10_09810,-0.19966722129783693,1957263.0
151,CodY-152,cody + M9,1957485,1957523,1.29,ERW10_09815,ERW10_09815,ERW10_09815,0.9336592178770949,1957504.0
152,CodY-153,cody + M9,1963587,1963624,1.6,ERW10_09845,ERW10_09845,ERW10_09845,0.7294344473007712,1963605.5
153,CodY-154,cody + M9,1964247,1964278,70.12,ERW10_09845,ERW10_09845,ERW10_09845,-0.11503856041131105,1964262.5
154,CodY-155,cody + M9,1980138,1980175,1.21,ERW10_09915,ERW10_09915,ERW10_09915,1.0455,1980156.5
155,CodY-156,cody + M9,2006376,2006410,1.68,ERW10_10010,ERW10_10010,ERW10_10010,0.21464806594800254,2006393.0
156,CodY-157,cody + M9,2007100,2007139,2.77,ERW10_10010,ERW10_10010,ERW10_10010,-0.01569435637285986,2007119.5
157,CodY-158,cody + M9,2010988,2011022,3.05,ERW10_10030,ERW10_10030,ERW10_10030,-0.058004640371229696,2011005.0
158,CodY-159,cody + M9,2018514,2018540,1.1,ERW10_10070,ERW10_10070,ERW10_10070,0.49579045837231056,2018527.0
159,CodY-160,cody + M9,2036653,2036698,2.13,ERW10_10165,ERW10_10165,ERW10_10165,-0.1697459584295612,2036675.5
160,CodY-161,cody + M9,2037323,2037362,2.07,ERW10_10170,ERW10_10170,ERW10_10170,0.5345982142857143,2037342.5
161,CodY-162,cody + M9,2041009,2041045,1.73,ERW10_10185,ERW10_10185,ERW10_10185,0.6150506512301013,2041027.0
162,CodY-163,cody + M9,2048862,2048900,1.51,ERW10_10235,ERW10_10235,ERW10_10235,0.625250501002004,2048881.0
163,CodY-164,cody + M9,2049040,2049079,1.29,ERW10_10235,ERW10_10235,ERW10_10235,0.9829659318637275,2049059.5
164,CodY-165,cody + M9,2051957,2051994,1.72,ERW10_10255,ERW10_10255,ERW10_10255,0.16321243523316062,2051975.5
165,CodY-166,cody + M9,2052089,2052120,1.14,ERW10_10260,ERW10_10260,ERW10_10260,0.9974146845915202,2052104.5
166,CodY-167,cody + M9,2053138,2053183,1.88,ERW10_10260,ERW10_10260,ERW10_10260,-0.09462254395036195,2053160.5
167,CodY-168,cody + M9,2076414,2076446,2.13,ERW10_10380,ERW10_10380,ERW10_10380,0.9300476947535771,2076430.0
168,CodY-169,cody + M9,2096920,2096960,1.19,ERW10_10460,ERW10_10460,ERW10_10460,-0.8096676737160121,2096940.0
169,CodY-170,cody + M9,2097516,2097549,3.71,ERW10_10465,ERW10_10465,ERW10_10465,-0.2417503586800574,2097532.5
170,CodY-171,cody + M9,2116358,2116401,0.98,ERW10_10530,ERW10_10530,ERW10_10530,1.0029270888770623,2116379.5
171,CodY-172,cody + M9,2116398,2116440,1.22,ERW10_10530,ERW10_10530,ERW10_10530,1.0239489089941458,2116419.0
172,CodY-173,cody + M9,2121751,2121790,1.59,ERW10_10580,ERW10_10580,ERW10_10580,0.6623246492985972,2121770.5
173,CodY-174,cody + M9,2137810,2137845,7.83,ERW10_10665,ERW10_10665,ERW10_10665,0.047388781431334626,2137827.5
174,CodY-175,cody + M9,2139402,2139444,1.15,ERW10_10675,ERW10_10675,ERW10_10675,0.5665467625899281,2139423.0
175,CodY-176,cody + M9,2139472,2139511,1.09,ERW10_10675,ERW10_10675,ERW10_10675,0.689748201438849,2139491.5
176,CodY-177,cody + M9,2144196,2144235,37.81,ERW10_10700,ERW10_10700,ERW10_10700,-0.16158536585365854,2144215.5
177,CodY-178,cody + M9,2144891,2144929,1.08,ERW10_10705,ERW10_10705,ERW10_10705,-0.4448051948051948,2144910.0
178,CodY-179,cody + M9,2158241,2158279,1.26,ERW10_10770,ERW10_10770,ERW10_10770,0.008870967741935484,2158260.0
179,CodY-180,cody + M9,2176327,2176363,1.11,ERW10_10845,ERW10_10845,ERW10_10845,-0.04076433121019108,2176345.0
180,CodY-181,cody + M9,2199208,2199247,1.49,ERW10_10915,ERW10_10915,ERW10_10915,-0.008164598301763554,2199227.5
181,CodY-182,cody + M9,2215353,2215387,0.97,ERW10_10985,ERW10_10985,ERW10_10985,1.6806596701649175,2215370.0
182,CodY-183,cody + M9,2219122,2219166,44.27,ERW10_11005,ERW10_11005,ERW10_11005,-1.626086956521739,2219144.0
183,CodY-184,cody + M9,2219430,2219469,7.06,ERW10_11005,ERW10_11005,ERW10_11005,1.0304347826086957,2219449.5
184,CodY-185,cody + M9,2220028,2220066,5.96,ERW10_11015,ERW10_11015,ERW10_11015,-0.09819639278557114,2220047.0
185,CodY-186,cody + M9,2236501,2236548,1.29,ERW10_11100,ERW10_11100,ERW10_11100,0.3808988764044944,2236524.5
186,CodY-187,cody + M9,2236582,2236613,1.46,ERW10_11100,ERW10_11100,ERW10_11100,0.5449438202247191,2236597.5
187,CodY-188,cody + M9,2236884,2236914,8.25,ERW10_11105,ERW10_11105,ERW10_11105,-0.058125,2236899.0
188,CodY-189,cody + M9,2242765,2242801,7.87,ERW10_11130,ERW10_11130,ERW10_11130,0.09858103061986558,2242783.0
189,CodY-190,cody + M9,2245331,2245370,8.59,ERW10_11135,ERW10_11135,ERW10_11135,0.11551724137931034,2245350.5
190,CodY-191,cody + M9,2246263,2246297,1.41,ERW10_11140,ERW10_11140,ERW10_11140,0.07908428720083246,2246280.0
191,CodY-192,cody + M9,2269921,2269961,18.2,ERW10_11285,ERW10_11285,ERW10_11285,0.19614711033274956,2269941.0
192,CodY-193,cody + M9,2270797,2270837,7.28,ERW10_11295,ERW10_11295,ERW10_11295,0.3358561967833491,2270817.0
193,CodY-194,cody + M9,2270944,2270979,3.0,ERW10_11295,ERW10_11295,ERW10_11295,0.4725638599810785,2270961.5
194,CodY-195,cody + M9,2271045,2271086,1.4,ERW10_11295,ERW10_11295,ERW10_11295,0.5709555345316935,2271065.5
195,CodY-196,cody + M9,2283367,2283408,2.73,ERW10_11345,ERW10_11345,ERW10_11345,0.18901384083044984,2283387.5
196,CodY-197,cody + M9,2298220,2298254,1.28,ERW10_11410,ERW10_11410,ERW10_11410,0.6881822496440436,2298237.0
197,CodY-198,cody + M9,2299361,2299398,1.03,ERW10_11410,ERW10_11410,ERW10_11410,0.1459420977693403,2299379.5
198,CodY-199,cody + M9,2303747,2303782,10.6,ERW10_11425,ERW10_11425,ERW10_11425,1.2185301016419077,2303764.5
199,CodY-200,cody + M9,2303796,2303837,13.62,ERW10_11430,ERW10_11430,ERW10_11430,-0.9478764478764479,2303816.5
200,CodY-201,cody + M9,2304360,2304402,4.13,ERW10_11435,ERW10_11435,ERW10_11435,-0.23529411764705882,2304381.0
201,CodY-202,cody + M9,2305029,2305067,1.51,ERW10_11445,ERW10_11445,ERW10_11445,1.069284064665127,2305048.0
202,CodY-203,cody + M9,2322731,2322767,2.71,ERW10_11540,ERW10_11540,ERW10_11540,-0.3956343792633015,2322749.0
203,CodY-204,cody + M9,2322880,2322916,4.61,ERW10_11545,ERW10_11545,ERW10_11545,0.31711145996860285,2322898.0
204,CodY-205,cody + M9,2323539,2323573,5.47,ERW10_11550,ERW10_11550,ERW10_11550,0.16957605985037408,2323556.0
205,CodY-206,cody + M9,2323811,2323851,1.48,ERW10_11550,ERW10_11550,ERW10_11550,0.5124688279301746,2323831.0
206,CodY-207,cody + M9,2323859,2323865,1.2,ERW10_11550,ERW10_11550,ERW10_11550,0.5511221945137157,2323862.0
207,CodY-208,cody + M9,2371638,2371675,2.27,ERW10_11750,ERW10_11750,ERW10_11750,-0.2801659125188537,2371656.5
208,CodY-209,cody + M9,2371693,2371732,1.8,ERW10_11750,ERW10_11750,ERW10_11750,-0.2379336349924585,2371712.5
209,CodY-210,cody + M9,2372146,2372182,1.06,ERW10_11745,ERW10_11745,ERW10_11745,1.1666666666666667,2372164.0
210,CodY-211,cody + M9,2375462,2375502,1.21,ERW10_11775,ERW10_11775,ERW10_11775,-0.4596774193548387,2375482.0
211,CodY-212,cody + M9,2397798,2397833,3.62,ERW10_11900,ERW10_11900,ERW10_11900,1.5038610038610039,2397815.5
212,CodY-213,cody + M9,2401295,2401330,1.26,ERW10_11925,ERW10_11925,ERW10_11925,-0.11984861227922625,2401312.5
213,CodY-214,cody + M9,2407665,2407705,1.39,ERW10_11955,ERW10_11955,ERW10_11955,-0.052931596091205214,2407685.0
214,CodY-215,cody + M9,2411280,2411314,1.29,ERW10_11970,ERW10_11970,ERW10_11970,1.048780487804878,2411297.0
215,CodY-216,cody + M9,2411453,2411488,2.14,ERW10_11975,ERW10_11975,ERW10_11975,-0.06027104136947218,2411470.5
216,CodY-217,cody + M9,2416015,2416061,0.98,ERW10_11990,ERW10_11990,ERW10_11990,0.5607476635514018,2416038.0
217,CodY-218,cody + M9,2426125,2426161,1.14,ERW10_12025,ERW10_12025,ERW10_12025,0.2407254740313273,2426143.0
218,CodY-219,cody + M9,2437342,2437375,0.89,ERW10_12075,ERW10_12075,ERW10_12075,1.3493557978196233,2437358.5
219,CodY-220,cody + M9,2444284,2444324,1.1,ERW10_12110,ERW10_12110,ERW10_12110,0.22484756097560976,2444304.0
220,CodY-221,cody + M9,2445274,2445308,1.17,ERW10_12120,ERW10_12120,ERW10_12120,-0.06797235023041474,2445291.0
221,CodY-222,cody + M9,2457643,2457681,2.34,ERW10_12200,ERW10_12200,ERW10_12200,1.5380434782608696,2457662.0
222,CodY-223,cody + M9,2476951,2476990,1.91,ERW10_12285,ERW10_12285,ERW10_12285,0.1755813953488372,2476970.5
223,CodY-224,cody + M9,2477026,2477061,2.37,ERW10_12285,ERW10_12285,ERW10_12285,0.005813953488372093,2477043.5
224,CodY-225,cody + M9,2477269,2477306,10.0,ERW10_12290,ERW10_12290,ERW10_12290,0.9386160714285714,2477287.5
225,CodY-226,cody + M9,2494269,2494309,1.5,ERW10_12370,ERW10_12370,ERW10_12370,1.009671179883946,2494289.0
226,CodY-227,cody + M9,2494391,2494425,2.89,ERW10_12370,ERW10_12370,ERW10_12370,1.239845261121857,2494408.0
227,CodY-228,cody + M9,2504174,2504210,1.29,ERW10_12415,ERW10_12415,ERW10_12415,0.06338694418164617,2504192.0
228,CodY-229,cody + M9,2504366,2504408,2.52,ERW10_12415,ERW10_12415,ERW10_12415,0.2478713339640492,2504387.0
229,CodY-230,cody + M9,2504577,2504584,1.09,ERW10_12415,ERW10_12415,ERW10_12415,0.4309366130558184,2504580.5
230,CodY-231,cody + M9,2507678,2507712,1.62,ERW10_12430,ERW10_12430,ERW10_12430,0.1958762886597938,2507695.0
231,CodY-232,cody + M9,2517572,2517610,8.73,ERW10_12485,ERW10_12485,ERW10_12485,1.1419878296146044,2517591.0
232,CodY-233,cody + M9,2517909,2517946,1.56,ERW10_12480,ERW10_12480,ERW10_12480,-0.6211401425178147,2517927.5
233,CodY-234,cody + M9,2517965,2518008,1.1,ERW10_12485,ERW10_12485,ERW10_12485,0.33975659229208927,2517986.5
234,CodY-235,cody + M9,2536328,2536362,3.43,ERW10_12575,ERW10_12575,ERW10_12575,0.864516129032258,2536345.0
235,CodY-236,cody + M9,2545169,2545203,3.0,ERW10_12615,ERW10_12615,ERW10_12615,0.6296992481203008,2545186.0
236,CodY-237,cody + M9,2546233,2546274,2.5,ERW10_12620,ERW10_12620,ERW10_12620,0.5065288356909684,2546253.5
237,CodY-238,cody + M9,2548295,2548334,1.66,ERW10_12640,ERW10_12640,ERW10_12640,-0.17458100558659218,2548314.5
238,CodY-239,cody + M9,2548341,2548380,2.12,ERW10_12640,ERW10_12640,ERW10_12640,-0.30307262569832405,2548360.5
239,CodY-240,cody + M9,2569723,2569755,4.34,ERW10_12740,ERW10_12740,ERW10_12740,-0.07204968944099378,2569739.0
240,CodY-241,cody + M9,2580663,2580707,6.46,ERW10_12800,ERW10_12800,ERW10_12800,1.1124586549062845,2580685.0
241,CodY-242,cody + M9,2633181,2633224,1.92,ERW10_13160,ERW10_13160,ERW10_13160,0.29071883530482256,2633202.5
242,CodY-243,cody + M9,2636748,2636787,2.37,ERW10_13180,ERW10_13180,ERW10_13180,0.3036221590909091,2636767.5
243,CodY-244,cody + M9,2637058,2637099,1.28,ERW10_13180,ERW10_13180,ERW10_13180,0.5245028409090909,2637078.5
244,CodY-245,cody + M9,2644661,2644695,4.09,ERW10_13220,ERW10_13220,ERW10_13220,0.8701030927835052,2644678.0
245,CodY-246,cody + M9,2651355,2651393,1.52,ERW10_13260,ERW10_13260,ERW10_13260,0.4968474148802018,2651374.0
246,CodY-247,cody + M9,2653646,2653679,10.93,ERW10_13280,ERW10_13280,ERW10_13280,-0.39154786150712834,2653662.5
247,CodY-248,cody + M9,2654399,2654437,1.25,ERW10_13275,ERW10_13275,ERW10_13275,1.399357601713062,2654418.0
248,CodY-249,cody + M9,2667042,2667076,1.75,ERW10_13335,ERW10_13335,ERW10_13335,0.1033210332103321,2667059.0
249,CodY-250,cody + M9,2697744,2697780,5.47,ERW10_13495,ERW10_13495,ERW10_13495,1.5107066381156318,2697762.0
250,CodY-251,cody + M9,2714579,2714613,30.78,ERW10_13535,ERW10_13535,ERW10_13535,-0.09693877551020408,2714596.0
251,CodY-252,cody + M9,2715223,2715253,1.07,ERW10_13535,ERW10_13535,ERW10_13535,0.7219387755102041,2715238.0
252,CodY-253,cody + M9,2722518,2722559,1.03,ERW10_13575,ERW10_13575,ERW10_13575,0.04192546583850932,2722538.5
253,CodY-254,cody + M9,2754885,2754920,1.45,ERW10_13740,ERW10_13740,ERW10_13740,-0.5839936608557845,2754902.5
254,CodY-255,cody + M9,2794905,2794948,1.53,ERW10_13950,ERW10_13950,ERW10_13950,0.06217391304347826,2794926.5
255,CodY-256,cody + M9,2794913,2794957,1.47,ERW10_13950,ERW10_13950,ERW10_13950,0.06956521739130435,2794935.0
256,CodY-257,cody + M9,2815327,2815363,1.69,ERW10_14045,ERW10_14045,ERW10_14045,0.2962226640159046,2815345.0
257,CodY-258,cody + M9,2815662,2815703,7.5,ERW10_14045,ERW10_14045,ERW10_14045,-0.03926441351888668,2815682.5
258,CodY-259,cody + M9,2815956,2815993,1.33,ERW10_14055,ERW10_14055,ERW10_14055,1.0324675324675325,2815974.5
259,CodY-260,cody + M9,2819476,2819510,4.05,ERW10_14060,ERW10_14060,ERW10_14060,0.015384615384615385,2819493.0
260,CodY-261,cody + M9,2820160,2820200,5.41,ERW10_14065,ERW10_14065,ERW10_14065,-1.197452229299363,2820180.0
261,CodY-262,cody + M9,2829305,2829343,39.88,ERW10_14120,ERW10_14120,ERW10_14120,-0.022364217252396165,2829324.0
262,CodY-263,cody + M9,2829596,2829638,7.12,ERW10_14120,ERW10_14120,ERW10_14120,0.21166134185303515,2829617.0
263,CodY-264,cody + M9,2845362,2845400,1.31,ERW10_14210,ERW10_14210,ERW10_14210,-0.14864864864864866,2845381.0
